Event,Date,UTC time,Local time,Latitude,Longitude,Depth,Magnitude,Mag. type,Max. int,Region,More Info
,,,(*),,,(km),,,,,
es2022ebtym,27/02/2022,21:03:22,22:03:22,36.0522,-8.6444,25,3.6,mbLg,,GOLFO DE CÁDIZ,
es2022dqkwe,21/02/2022,16:00:05,17:00:05,35.4388,-3.6161,18,3.7,mbLg,II-III,ALBORÁN SUR,
es2022dnemd,19/02/2022,21:22:31,21:22:31,28.0614,-16.1846,13,3.7,mbLg,II,ATLÁNTICO-CANARIAS,
es2022cxxiv,11/02/2022,12:46:34,13:46:34,36.3438,-9.1257,9,3.9,mbLg,,SW CABO DE SAN VICENTE,
es2022cxnrf,11/02/2022,7:53:15,8:53:15,36.3978,-9.1115,1,4.1,mbLg,,SW CABO DE SAN VICENTE,
es2022coogv,06/02/2022,9:59:38,10:59:38,35.4125,-3.6906,0,3.7,mbLg,II,ALBORÁN SUR,
es2022cogxx,06/02/2022,6:17:06,7:17:06,35.4665,-3.6646,10,3.8,mbLg,II,ALBORÁN SUR,
es2022ceuzf,01/02/2022,2:03:00,3:03:00,42.5002,1.4447,0,4,mbLg,III-IV,SE ANDORRA LA VELLA.AND,
es2022bwqnm,27/01/2022,14:44:07,15:44:07,42.5481,-9.4919,0,4.1,Mw,III-IV,ATLÁNTICO-GALICIA,
es2022bwozq,27/01/2022,13:57:41,14:57:41,42.5121,-9.468,0,3.7,mbLg,III,ATLÁNTICO-GALICIA,
es2022bgczj,18/01/2022,13:45:21,13:45:21,27.0613,-14.4628,0,4.8,mbLg,II,ATLÁNTICO-CANARIAS,
es2022aicmj,05/01/2022,10:19:00,11:19:00,36.8292,-3.6881,0,3.5,mbLg,IV,SW LENTEGÍ.GR,
es2022aiagv,05/01/2022,9:11:52,10:11:52,35.5291,-3.6527,6,3.9,mbLg,III,ALBORÁN SUR,
es2022abpsg,01/01/2022,21:03:49,22:03:49,36.3276,-7.6271,6,4.4,mbLg,III,GOLFO DE CÁDIZ,
es2021zonym,30/12/2021,15:28:20,16:28:20,35.4549,-3.6736,0,3.8,mbLg,III,ALBORÁN SUR,
es2021zaukz,23/12/2021,2:52:52,3:52:52,35.1197,-3.938,0,3.6,mbLg,,NE TAMASSINT.MAC,
es2021zasmv,23/12/2021,1:54:26,2:54:26,35.1483,-3.9071,0,4.2,mbLg,III,NE TAMASSINT.MAC,
es2021yyidb,21/12/2021,18:23:58,19:23:58,43.2081,-8.981,10,3.5,mbLg,III-IV,SE LAXE.C,
es2021ywtbd,20/12/2021,21:39:06,22:39:06,35.4644,-3.7012,0,3.6,mbLg,II-III,ALBORÁN SUR,
es2021ywlxj,20/12/2021,18:02:36,19:02:36,39.3678,-11.6083,36,3.7,mbLg,,ATLÁNTICO-PORTUGAL,
es2021yemnr,10/12/2021,21:57:53,21:57:53,28.5473,-17.8251,16.6,3.7,mbLg,II-III,NE FUENCALIENTE DE LA PALMA.IL,
es2021ydrck,10/12/2021,11:08:22,11:08:22,28.5728,-17.8345,10,3.6,mbLg,IV,SW VILLA DE MAZO.ILP,
es2021yacca,08/12/2021,12:09:07,12:09:07,28.5814,-17.84,37.4,3.6,mbLg,,SW VILLA DE MAZO.ILP,
es2021xyqbd,07/12/2021,16:56:26,16:56:26,28.5729,-17.8458,12.4,3.6,mbLg,III,SW VILLA DE MAZO.ILP,
es2021xyjfw,07/12/2021,13:29:46,13:29:46,28.5554,-17.8447,13.9,4,mbLg,IV,N FUENCALIENTE DE LA PALMA.ILP,
es2021xwdbi,06/12/2021,8:06:40,9:06:40,44.1392,-7.758,2,3.6,mbLg,II,CANTÁBRICO,
es2021xvmxg,05/12/2021,23:57:01,23:57:01,28.5582,-17.8355,14.1,3.9,mbLg,III-IV,NE FUENCALIENTE DE LA PALMA.IL,
es2021xpuxl,02/12/2021,21:11:44,21:11:44,28.5657,-17.8286,11.3,4.2,mbLg,IV-V,SW VILLA DE MAZO.ILP,
es2021xopia,02/12/2021,5:14:14,5:14:14,28.5625,-17.8346,11,4.2,mbLg,IV,NE FUENCALIENTE DE LA PALMA.IL,
es2021xnwmi,01/12/2021,19:43:25,19:43:25,28.5649,-17.8485,10.2,3.9,mbLg,IV,N FUENCALIENTE DE LA PALMA.ILP,
es2021xnsnj,01/12/2021,17:43:24,17:43:24,28.5703,-17.8379,9.6,3.6,mbLg,Sentido,SW VILLA DE MAZO.ILP,
es2021xnnqb,01/12/2021,15:15:02,15:15:02,28.5661,-17.8416,10.8,3.8,mbLg,III,N FUENCALIENTE DE LA PALMA.ILP,
es2021xngjv,01/12/2021,11:36:15,11:36:15,28.5676,-17.8349,10.9,3.8,mbLg,IV,SW VILLA DE MAZO.ILP,
es2021xnfmp,01/12/2021,11:08:30,11:08:30,28.5622,-17.8343,10.9,3.6,mbLg,III,NE FUENCALIENTE DE LA PALMA.IL,
es2021xnewo,01/12/2021,10:49:48,10:49:48,28.5544,-17.8358,12.2,3.8,mbLg,III,NE FUENCALIENTE DE LA PALMA.IL,
es2021xnegk,01/12/2021,10:31:00,10:31:00,28.5608,-17.8378,11,3.4,mbLg,III-IV,NE FUENCALIENTE DE LA PALMA.IL,
es2021xndmb,01/12/2021,10:07:15,10:07:15,28.5633,-17.8349,11.3,3.6,mbLg,,NE FUENCALIENTE DE LA PALMA.IL,
es2021xmxir,01/12/2021,7:02:15,7:02:15,28.5583,-17.8471,12.7,3.6,mbLg,,N FUENCALIENTE DE LA PALMA.ILP,
es2021xmwdu,01/12/2021,6:25:29,6:25:29,28.5651,-17.8339,12,3.8,mbLg,III-IV,SW VILLA DE MAZO.ILP,
es2021xmkga,01/12/2021,0:24:39,0:24:39,28.5603,-17.8374,11.2,4,mbLg,IV,NE FUENCALIENTE DE LA PALMA.IL,
es2021xmdaq,30/11/2021,20:46:10,20:46:10,28.5645,-17.8417,10.4,3.6,mbLg,III-IV,N FUENCALIENTE DE LA PALMA.ILP,
es2021xmbqd,30/11/2021,20:03:35,20:03:35,28.5622,-17.8384,10.1,3.9,mbLg,III-IV,NE FUENCALIENTE DE LA PALMA.IL,
es2021xlttl,30/11/2021,16:04:48,16:04:48,28.5653,-17.8366,11,3.9,mbLg,III-IV,NE FUENCALIENTE DE LA PALMA.IL,
es2021xlrcp,30/11/2021,14:44:42,14:44:42,28.5548,-17.8422,10.6,3.6,mbLg,,NE FUENCALIENTE DE LA PALMA.IL,
es2021xlrbg,30/11/2021,14:42:59,14:42:59,28.5668,-17.8339,10.6,3.8,mbLg,III,SW VILLA DE MAZO.ILP,
es2021xlnut,30/11/2021,13:04:29,13:04:29,28.568,-17.8324,36.9,4.8,mbLg,IV,SW VILLA DE MAZO.ILP,
es2021xljmk,30/11/2021,10:54:27,10:54:27,28.559,-17.8377,12.9,4.2,mbLg,IV,NE FUENCALIENTE DE LA PALMA.IL,
es2021xljce,30/11/2021,10:41:36,10:41:36,28.5623,-17.8459,11.1,3.6,mbLg,III-IV,N FUENCALIENTE DE LA PALMA.ILP,
es2021xlbwg,30/11/2021,7:02:33,7:02:33,28.5505,-17.8282,14,3.7,mbLg,III,NE FUENCALIENTE DE LA PALMA.IL,
es2021xlbff,30/11/2021,6:42:49,6:42:49,28.5787,-17.8593,38.5,4.1,mbLg,III,S EL PASO.ILP,
es2021xlbcm,30/11/2021,6:39:35,6:39:35,28.5633,-17.8453,11.9,3.6,mbLg,III,N FUENCALIENTE DE LA PALMA.ILP,
es2021xlabq,30/11/2021,6:08:13,6:08:13,28.561,-17.8327,13,3.6,mbLg,III,NE FUENCALIENTE DE LA PALMA.IL,
es2021xkpdz,30/11/2021,0:37:35,0:37:35,28.561,-17.8324,12.1,3.8,mbLg,IV,NE FUENCALIENTE DE LA PALMA.IL,
es2021xkffe,29/11/2021,19:36:13,19:36:13,28.5605,-17.8384,11.3,3.5,mbLg,III-IV,NE FUENCALIENTE DE LA PALMA.IL,
es2021xkdfl,29/11/2021,18:35:36,18:35:36,28.5608,-17.8306,11.1,3.6,mbLg,III,NE FUENCALIENTE DE LA PALMA.IL,
es2021xjvnn,29/11/2021,14:42:34,14:42:34,28.5651,-17.8238,11.4,3.7,mbLg,IV,SW VILLA DE MAZO.ILP,
es2021xjsqi,29/11/2021,13:14:54,13:14:54,28.5636,-17.8329,12.5,3.7,mbLg,III,NE FUENCALIENTE DE LA PALMA.IL,
es2021xjjkp,29/11/2021,8:35:27,8:35:27,28.5639,-17.8195,34.8,5,mbLg,IV-V,SW VILLA DE MAZO.ILP,
es2021xioro,28/11/2021,22:07:06,22:07:06,28.5734,-17.8133,34.2,3.6,mbLg,,SW VILLA DE MAZO.ILP,
es2021xiisa,28/11/2021,19:05:49,19:05:49,28.5747,-17.8088,32.6,4.3,mbLg,III-IV,SW VILLA DE MAZO.ILP,
es2021xhxns,28/11/2021,13:27:25,13:27:25,28.5812,-17.8347,34.1,3.7,mbLg,III,SW VILLA DE MAZO.ILP,
es2021xgcws,27/11/2021,13:53:27,13:53:27,28.5879,-17.8184,36.1,3.6,mbLg,,SW VILLA DE MAZO.ILP,
es2021xenbo,26/11/2021,16:46:15,17:46:15,36.4172,-7.9463,34,3.7,mbLg,,GOLFO DE CÁDIZ,
es2021xddga,25/11/2021,22:40:18,22:40:18,28.57,-17.8169,35,4.8,mbLg,IV-V,SW VILLA DE MAZO.ILP,
es2021xcvwr,25/11/2021,18:57:17,18:57:17,28.5516,-17.8417,14.2,3.9,mbLg,III-IV,NE FUENCALIENTE DE LA PALMA.IL,
es2021xcfet,25/11/2021,10:31:27,10:31:27,28.561,-17.8428,33.6,3.7,mbLg,II-III,N FUENCALIENTE DE LA PALMA.ILP,
es2021xbzyx,25/11/2021,7:53:08,7:53:08,28.5631,-17.8324,11.2,3.9,mbLg,IV,NE FUENCALIENTE DE LA PALMA.IL,
es2021xarip,24/11/2021,14:23:39,14:23:39,28.561,-17.8311,12.8,3.4,mbLg,IV,NE FUENCALIENTE DE LA PALMA.IL,
es2021wzyfw,24/11/2021,4:44:39,4:44:39,28.5733,-17.8243,35.3,3.8,mbLg,,SW VILLA DE MAZO.ILP,
es2021wzgpp,23/11/2021,19:50:27,19:50:27,28.5805,-17.8238,35,3.7,mbLg,III,SW VILLA DE MAZO.ILP,
es2021wxxtm,23/11/2021,2:14:12,2:14:12,28.5842,-17.8177,36.4,3.7,mbLg,,SW VILLA DE MAZO.ILP,
es2021wxvlb,23/11/2021,1:03:48,1:03:48,28.6093,-17.8193,38,4.7,mbLg,Sentido,W VILLA DE MAZO.ILP,
es2021wxvku,23/11/2021,1:03:27,1:03:27,28.5904,-17.8358,38.9,4.8,mbLg,IV,W VILLA DE MAZO.ILP,
es2021wxuxr,23/11/2021,0:48:09,0:48:09,28.5725,-17.8214,34.4,4.4,mbLg,IV,SW VILLA DE MAZO.ILP,
es2021wxrqv,22/11/2021,23:09:17,23:09:17,28.5584,-17.8341,37.4,3.8,mbLg,,NE FUENCALIENTE DE LA PALMA.IL,
es2021wxijd,22/11/2021,18:27:32,18:27:32,28.5699,-17.8359,38.3,4.3,mbLg,IV,SW VILLA DE MAZO.ILP,
es2021wwzkx,22/11/2021,13:56:50,13:56:50,28.5574,-17.8199,35.8,3.9,mbLg,III,SW VILLA DE MAZO.ILP,
es2021wwtjl,22/11/2021,10:53:16,10:53:16,28.5618,-17.8089,35.7,3.6,mbLg,Sentido,SW VILLA DE MAZO.ILP,
es2021wwnyo,22/11/2021,8:09:04,8:09:04,28.5596,-17.8243,36.4,4.8,mbLg,IV,SW VILLA DE MAZO.ILP,
es2021wwmwk,22/11/2021,7:36:15,7:36:15,28.5675,-17.8153,35.9,3.8,mbLg,III,SW VILLA DE MAZO.ILP,
es2021wwiaw,22/11/2021,5:09:54,5:09:54,28.5628,-17.7949,33.2,3.6,mbLg,II,SW VILLA DE MAZO.ILP,
es2021wwefa,22/11/2021,3:13:30,3:13:30,28.5674,-17.8164,34.2,4.3,mbLg,IV,SW VILLA DE MAZO.ILP,
es2021wvhuq,21/11/2021,15:54:38,15:54:38,28.5915,-17.8049,38.3,4,mbLg,III-IV,SW VILLA DE MAZO.ILP,
es2021wvgrd,21/11/2021,15:20:15,15:20:15,28.5535,-17.8379,35.7,4.3,mbLg,III-IV,NE FUENCALIENTE DE LA PALMA.IL,
es2021wttbo,20/11/2021,19:20:06,19:20:06,28.5623,-17.8248,34.8,4.2,mbLg,III,SW VILLA DE MAZO.ILP,
es2021wtbfu,20/11/2021,10:19:36,10:19:36,28.5857,-17.8228,36.5,4.6,mbLg,IV-V,SW VILLA DE MAZO.ILP,
es2021wsxmz,20/11/2021,8:26:42,8:26:42,28.5624,-17.8145,33.2,3.6,mbLg,,SW VILLA DE MAZO.ILP,
es2021wsxlx,20/11/2021,8:25:26,8:25:26,28.5705,-17.8333,10.2,3.6,mbLg,,SW VILLA DE MAZO.ILP,
es2021wsucv,20/11/2021,6:42:48,6:42:48,28.5627,-17.8362,10.3,4,mbLg,IV,NE FUENCALIENTE DE LA PALMA.IL,
es2021wsmyt,20/11/2021,3:07:00,3:07:00,28.5608,-17.8263,36.6,4.6,mbLg,IV,SW VILLA DE MAZO.ILP,
es2021wrjcn,19/11/2021,12:02:25,12:02:25,28.6158,-17.7912,32.1,4.3,mbLg,IV,NW VILLA DE MAZO.ILP,
es2021wrjco,19/11/2021,12:02:11,12:02:11,28.5665,-17.8391,9,3.6,mbLg,,NE FUENCALIENTE DE LA PALMA.IL,
es2021wrgsy,19/11/2021,10:50:26,10:50:26,28.5628,-17.8333,12.2,3.6,mbLg,III,NE FUENCALIENTE DE LA PALMA.IL,
es2021wqyvo,19/11/2021,6:50:58,6:50:58,28.5815,-17.8289,39.6,3.6,mbLg,,SW VILLA DE MAZO.ILP,
es2021wqooq,19/11/2021,1:39:51,1:39:51,28.5493,-17.8523,34.4,4,mbLg,IV,N FUENCALIENTE DE LA PALMA.ILP,
es2021wqnny,19/11/2021,1:08:47,1:08:47,28.573,-17.8234,36,5.1,mbLg,IV,SW VILLA DE MAZO.ILP,
es2021wqcnx,18/11/2021,19:35:20,19:35:20,28.5587,-17.8351,13.1,3.6,mbLg,III-IV,NE FUENCALIENTE DE LA PALMA.IL,
es2021wpgtw,18/11/2021,8:35:31,8:35:31,28.5646,-17.7842,31.2,3.9,mbLg,IV,S VILLA DE MAZO.ILP,
es2021wpgdp,18/11/2021,8:16:39,8:16:39,28.6008,-17.8179,40.4,3.7,mbLg,,W VILLA DE MAZO.ILP,
es2021wpdun,18/11/2021,7:05:21,7:05:21,28.5582,-17.8341,33.1,3.7,mbLg,,NE FUENCALIENTE DE LA PALMA.IL,
es2021wougr,18/11/2021,2:16:27,2:16:27,28.0789,-16.1258,30,3.3,mbLg,IV,ATLÁNTICO-CANARIAS,
es2021wotwg,18/11/2021,2:04:17,2:04:17,28.5658,-17.8284,11.3,3.6,mbLg,IV-V,SW VILLA DE MAZO.ILP,
es2021wotlb,18/11/2021,1:51:14,1:51:14,28.5532,-17.8379,34.1,4.4,mbLg,III-IV,NE FUENCALIENTE DE LA PALMA.IL,
es2021woqtm,18/11/2021,0:30:20,0:30:20,28.5545,-17.8382,10.9,3.8,mbLg,IV-V,NE FUENCALIENTE DE LA PALMA.IL,
es2021wopjr,17/11/2021,23:48:36,23:48:36,28.5775,-17.8194,40.6,4.3,mbLg,III-IV,SW VILLA DE MAZO.ILP,
es2021womlp,17/11/2021,22:19:54,22:19:54,28.5604,-17.844,10.1,3.5,mbLg,IV,N FUENCALIENTE DE LA PALMA.ILP,
es2021wokqo,17/11/2021,21:24:55,21:24:55,28.5573,-17.8389,12.5,3.4,mbLg,III-IV,NE FUENCALIENTE DE LA PALMA.IL,
es2021wokma,17/11/2021,21:19:49,21:19:49,28.5879,-17.8175,38.9,4.6,mbLg,IV-V,SW VILLA DE MAZO.ILP,
es2021wojyr,17/11/2021,21:04:07,21:04:07,28.5606,-17.8389,12.1,3.9,mbLg,III-IV,NE FUENCALIENTE DE LA PALMA.IL,
es2021wojsb,17/11/2021,20:56:22,20:56:22,28.5597,-17.8479,11.3,3.3,mbLg,IV,N FUENCALIENTE DE LA PALMA.ILP,
es2021wohau,17/11/2021,19:35:51,19:35:51,28.5605,-17.8399,10.7,3.6,mbLg,IV,NE FUENCALIENTE DE LA PALMA.IL,
es2021woaui,17/11/2021,16:26:12,16:26:12,28.5655,-17.8358,11,3.7,mbLg,III-IV,NE FUENCALIENTE DE LA PALMA.IL,
es2021wnzta,17/11/2021,15:54:22,15:54:22,28.5596,-17.843,10.5,3.6,mbLg,III,N FUENCALIENTE DE LA PALMA.ILP,
es2021wnyoz,17/11/2021,15:19:23,15:19:23,28.5584,-17.8489,10.7,3.6,mbLg,III,N FUENCALIENTE DE LA PALMA.ILP,
es2021wnvjs,17/11/2021,13:42:58,13:42:58,28.5599,-17.8389,10.9,3.7,mbLg,III,NE FUENCALIENTE DE LA PALMA.IL,
es2021wntda,17/11/2021,12:33:54,12:33:54,28.5954,-17.8322,35.4,4.8,mbLg,Sentido,W VILLA DE MAZO.ILP,
es2021wntcq,17/11/2021,12:33:35,12:33:35,28.5854,-17.8065,36.5,4.7,mbLg,Sentido,SW VILLA DE MAZO.ILP,
es2021wnmdd,17/11/2021,9:02:01,9:02:01,28.562,-17.8329,11.4,3.6,mbLg,III,NE FUENCALIENTE DE LA PALMA.IL,
es2021wnlrk,17/11/2021,8:47:53,8:47:53,28.5498,-17.8677,33.6,3.5,mbLg,IV,N FUENCALIENTE DE LA PALMA.ILP,
es2021wnjtv,17/11/2021,7:50:25,7:50:25,28.5592,-17.8382,11.4,3.6,mbLg,III,NE FUENCALIENTE DE LA PALMA.IL,
es2021wniru,17/11/2021,7:17:43,7:17:43,28.5658,-17.8255,35.4,4.7,mbLg,III-IV,SW VILLA DE MAZO.ILP,
es2021wnfxn,17/11/2021,5:53:30,5:53:30,28.5635,-17.8327,9.9,3.6,mbLg,III,NE FUENCALIENTE DE LA PALMA.IL,
es2021wncng,17/11/2021,4:10:35,4:10:35,28.5509,-17.8348,14.6,3.8,mbLg,III,NE FUENCALIENTE DE LA PALMA.IL,
es2021wnann,17/11/2021,3:10:18,3:10:18,28.5682,-17.8479,36.5,3.6,mbLg,,N FUENCALIENTE DE LA PALMA.ILP,
es2021wmtns,16/11/2021,23:38:25,23:38:25,28.5575,-17.8285,13,3.4,mbLg,III-IV,NE FUENCALIENTE DE LA PALMA.IL,
es2021wmqco,16/11/2021,21:54:27,21:54:27,28.5561,-17.8351,12.8,3.1,mbLg,III-IV,NE FUENCALIENTE DE LA PALMA.IL,
es2021wmnur,16/11/2021,20:44:42,20:44:42,28.5997,-17.8089,38.6,3.7,mbLg,Sentido,W VILLA DE MAZO.ILP,
es2021wlzju,16/11/2021,13:27:38,13:27:38,28.5757,-17.8103,36,4.2,mbLg,IV,SW VILLA DE MAZO.ILP,
es2021wlatt,16/11/2021,1:01:43,1:01:43,28.5822,-17.8244,37.6,3.8,mbLg,,SW VILLA DE MAZO.ILP,
es2021wjkxm,15/11/2021,3:53:44,3:53:44,28.5799,-17.8188,37.6,4.4,mbLg,III,SW VILLA DE MAZO.ILP,
es2021wicep,14/11/2021,10:20:29,10:20:29,28.5576,-17.8366,37.1,4.5,mbLg,IV,NE FUENCALIENTE DE LA PALMA.IL,
es2021whrfu,14/11/2021,5:24:02,5:24:02,28.5896,-17.8077,37,4.7,mbLg,IV,SW VILLA DE MAZO.ILP,
es2021whsjx,14/11/2021,5:23:37,5:23:37,28.5623,-17.8023,37.2,3.8,mbLg,Sentido,SW VILLA DE MAZO.ILP,
es2021whrjw,14/11/2021,4:53:20,5:53:20,35.4292,-3.6654,0,3.6,mbLg,III,ALBORÁN SUR,
es2021whrfr,14/11/2021,4:48:27,5:48:27,35.4363,-3.6287,14,4,mbLg,Sentido,ALBORÁN SUR,
es2021wfzxv,13/11/2021,6:56:02,6:56:02,28.5766,-17.8209,38.3,5,mbLg,IV-V,SW VILLA DE MAZO.ILP,
es2021wehlz,12/11/2021,8:28:54,8:28:54,28.5811,-17.8205,37.7,4.3,mbLg,III-IV,SW VILLA DE MAZO.ILP,
es2021wcqlo,11/11/2021,10:45:03,10:45:03,28.5583,-17.8359,13.1,3.5,mbLg,IV,NE FUENCALIENTE DE LA PALMA.IL,
es2021wccir,11/11/2021,3:37:58,3:37:58,28.5684,-17.8238,35.9,5,mbLg,IV,SW VILLA DE MAZO.ILP,
es2021wbaec,10/11/2021,13:23:46,13:23:46,28.5809,-17.8204,36.3,4.4,mbLg,III-IV,SW VILLA DE MAZO.ILP,
es2021wazzy,10/11/2021,13:18:50,13:18:50,28.5493,-17.8448,13.6,3.9,mbLg,III,NE FUENCALIENTE DE LA PALMA.IL,
es2021waxjn,10/11/2021,11:58:48,11:58:48,28.5579,-17.824,32.7,3.6,mbLg,,NE FUENCALIENTE DE LA PALMA.IL,
es2021wawzs,10/11/2021,11:47:23,11:47:23,28.5668,-17.8434,33.6,3.6,mbLg,,N FUENCALIENTE DE LA PALMA.ILP,
es2021wavtt,10/11/2021,11:10:07,11:10:07,28.5729,-17.8234,34.5,4.8,mbLg,IV,SW VILLA DE MAZO.ILP,
es2021wavpj,10/11/2021,11:05:19,11:05:19,28.5765,-17.8348,33.4,3.5,mbLg,III-IV,SW VILLA DE MAZO.ILP,
es2021wavbr,10/11/2021,10:49:55,10:49:55,28.5721,-17.8072,33.8,3.8,mbLg,,SW VILLA DE MAZO.ILP,
es2021waubw,10/11/2021,10:18:58,10:18:58,28.5564,-17.839,10.4,3.8,mbLg,III,NE FUENCALIENTE DE LA PALMA.IL,
es2021waijt,10/11/2021,4:24:29,4:24:29,28.5628,-17.836,13.5,3.7,mbLg,III-IV,NE FUENCALIENTE DE LA PALMA.IL,
es2021vzrmg,09/11/2021,19:52:10,19:52:10,28.5628,-17.8368,12.8,3.6,mbLg,III-IV,NE FUENCALIENTE DE LA PALMA.IL,
es2021vyrvy,09/11/2021,6:55:22,6:55:22,28.592,-17.8357,38.4,3.8,mbLg,III,W VILLA DE MAZO.ILP,
es2021vyhfj,09/11/2021,1:33:03,1:33:03,28.562,-17.8254,13.1,3.7,mbLg,III-IV,SW VILLA DE MAZO.ILP,
es2021vxrzo,08/11/2021,17:51:41,17:51:41,28.5465,-17.8378,14.2,3.7,mbLg,III,NE FUENCALIENTE DE LA PALMA.IL,
es2021vxenc,08/11/2021,11:03:10,11:03:10,28.5639,-17.8359,11.1,3.6,mbLg,III,NE FUENCALIENTE DE LA PALMA.IL,
es2021vvxda,07/11/2021,18:11:17,18:11:17,28.5617,-17.8297,12.8,3.6,mbLg,III-IV,NE FUENCALIENTE DE LA PALMA.IL,
es2021vvvad,07/11/2021,17:07:18,17:07:18,28.577,-17.8053,37.5,4.5,mbLg,Sentido,SW VILLA DE MAZO.ILP,
es2021vvuzt,07/11/2021,17:07:10,17:07:10,28.5858,-17.8074,37.3,4.6,mbLg,IV,SW VILLA DE MAZO.ILP,
es2021vugmw,06/11/2021,20:40:24,20:40:24,28.5464,-17.8453,35.6,4.5,mbLg,IV,NE FUENCALIENTE DE LA PALMA.IL,
es2021vtrgc,06/11/2021,12:57:04,12:57:04,28.5592,-17.832,12.2,3.6,mbLg,III,NE FUENCALIENTE DE LA PALMA.IL,
es2021vsvzt,06/11/2021,2:13:12,2:13:12,28.5904,-17.8003,37.3,3.7,mbLg,,SW VILLA DE MAZO.ILP,
es2021vsuwr,06/11/2021,1:39:17,1:39:17,28.5598,-17.8321,11.4,4,mbLg,III-IV,NE FUENCALIENTE DE LA PALMA.IL,
es2021vrbuu,05/11/2021,2:53:16,2:53:16,28.5595,-17.8342,12.4,3.8,mbLg,III-IV,NE FUENCALIENTE DE LA PALMA.IL,
es2021vqugy,04/11/2021,23:05:29,23:05:29,28.5844,-17.781,35,4.5,mbLg,IV,SW VILLA DE MAZO.ILP,
es2021vqqgy,04/11/2021,21:03:46,21:03:46,28.5603,-17.8387,13.6,3.4,mbLg,III-IV,NE FUENCALIENTE DE LA PALMA.IL,
es2021vpnly,04/11/2021,6:30:41,6:30:41,28.5554,-17.8451,15,3.5,mbLg,IV,N FUENCALIENTE DE LA PALMA.ILP,
es2021vpgre,04/11/2021,3:06:02,3:06:02,28.558,-17.8263,11.2,3.4,mbLg,III-IV,NE FUENCALIENTE DE LA PALMA.IL,
es2021vpggk,04/11/2021,2:52:05,2:52:05,28.5579,-17.8439,10.8,3.6,mbLg,II-III,N FUENCALIENTE DE LA PALMA.ILP,
es2021vpexn,04/11/2021,2:11:24,2:11:24,28.5609,-17.833,10.5,3.6,mbLg,III,NE FUENCALIENTE DE LA PALMA.IL,
es2021vpaph,04/11/2021,0:00:34,0:00:34,28.5596,-17.8375,12.3,3.4,mbLg,III-IV,NE FUENCALIENTE DE LA PALMA.IL,
es2021vojel,03/11/2021,15:12:43,15:12:43,28.5667,-17.8451,10.8,3.6,mbLg,,N FUENCALIENTE DE LA PALMA.ILP,
es2021voguk,03/11/2021,14:00:40,14:00:40,28.5663,-17.831,11.6,3.6,mbLg,III-IV,SW VILLA DE MAZO.ILP,
es2021voahp,03/11/2021,10:43:37,10:43:37,28.552,-17.8378,14.2,3.7,mbLg,III-IV,NE FUENCALIENTE DE LA PALMA.IL,
es2021vntvm,03/11/2021,7:27:39,7:27:39,28.5704,-17.8338,34.6,5,mbLg,IV-V,SW VILLA DE MAZO.ILP,
es2021vntvk,03/11/2021,7:27:36,7:27:36,28.5746,-17.7923,35.6,4.8,mbLg,Sentido,SW VILLA DE MAZO.ILP,
es2021vnoyo,03/11/2021,4:59:54,4:59:54,28.5652,-17.7929,35.9,4,mbLg,III,SW VILLA DE MAZO.ILP,
es2021vmwpy,02/11/2021,19:44:09,19:44:09,28.5602,-17.8423,10.7,3.4,mbLg,III-IV,N FUENCALIENTE DE LA PALMA.ILP,
es2021vmtro,02/11/2021,18:15:05,18:15:05,28.5538,-17.8262,12.7,3.5,mbLg,III-IV,NE FUENCALIENTE DE LA PALMA.IL,
es2021vmsaw,02/11/2021,17:26:21,17:26:21,28.5587,-17.8383,12.5,3.7,mbLg,IV,NE FUENCALIENTE DE LA PALMA.IL,
es2021vmrsu,02/11/2021,17:15:55,17:15:55,28.5576,-17.8475,12.5,4.1,mbLg,IV,N FUENCALIENTE DE LA PALMA.ILP,
es2021vmran,02/11/2021,16:54:35,16:54:35,28.5636,-17.8291,11.4,3,mbLg,IV-V,SW VILLA DE MAZO.ILP,
es2021vmqcc,02/11/2021,16:26:11,16:26:11,28.5654,-17.8255,12.1,3.6,mbLg,III,SW VILLA DE MAZO.ILP,
es2021vmluj,02/11/2021,14:15:52,14:15:52,28.566,-17.8146,35.1,3.6,mbLg,,SW VILLA DE MAZO.ILP,
es2021vlsee,02/11/2021,4:21:11,4:21:11,28.5538,-17.833,13.9,3.6,mbLg,III-IV,NE FUENCALIENTE DE LA PALMA.IL,
es2021vlcky,01/11/2021,20:24:11,20:24:11,28.5735,-17.8137,36,4.6,mbLg,IV,SW VILLA DE MAZO.ILP,
es2021vknwa,01/11/2021,13:03:06,13:03:06,28.5577,-17.8358,10.3,4,mbLg,IV,NE FUENCALIENTE DE LA PALMA.IL,
es2021vkmed,01/11/2021,12:11:18,12:11:18,28.5608,-17.8349,10.7,3.6,mbLg,,NE FUENCALIENTE DE LA PALMA.IL,
es2021vkjlm,01/11/2021,10:48:59,10:48:59,28.5602,-17.8366,10.6,3.9,mbLg,IV,NE FUENCALIENTE DE LA PALMA.IL,
es2021vkiju,01/11/2021,10:17:26,10:17:26,28.5616,-17.8224,10.9,3.7,mbLg,III-IV,SW VILLA DE MAZO.ILP,
es2021vjzvg,01/11/2021,5:57:22,5:57:22,28.5582,-17.842,11.4,3.6,mbLg,III-IV,NE FUENCALIENTE DE LA PALMA.IL,
es2021vjxve,01/11/2021,4:56:34,4:56:34,28.6022,-17.8252,34.9,2.9,mbLg,III-IV,W VILLA DE MAZO.ILP,
es2021vjvyz,01/11/2021,4:00:28,4:00:28,28.5665,-17.8342,12.4,3.6,mbLg,III,SW VILLA DE MAZO.ILP,
es2021vjtls,01/11/2021,2:44:17,2:44:17,28.5676,-17.8351,11.3,3.6,mbLg,III-IV,SW VILLA DE MAZO.ILP,
es2021vjimc,31/10/2021,21:11:50,21:11:50,28.5609,-17.8389,12.9,3.3,mbLg,IV,NE FUENCALIENTE DE LA PALMA.IL,
es2021vjbxs,31/10/2021,17:52:51,17:52:51,28.5752,-17.817,37.8,5,mbLg,IV,SW VILLA DE MAZO.ILP,
es2021viwnu,31/10/2021,15:09:40,15:09:40,28.5621,-17.8624,11.1,3.2,mbLg,IV,N FUENCALIENTE DE LA PALMA.ILP,
es2021viued,31/10/2021,13:57:47,13:57:47,28.5673,-17.8303,10,3.4,mbLg,IV,SW VILLA DE MAZO.ILP,
es2021vgjrv,30/10/2021,6:24:23,7:24:23,28.5707,-17.8396,34.7,5,mbLg,IV,SW VILLA DE MAZO.ILP,
es2021vgjif,30/10/2021,6:13:10,7:13:10,28.5637,-17.8512,9.8,3.7,mbLg,II-III,N FUENCALIENTE DE LA PALMA.ILP,
es2021vgilf,30/10/2021,5:46:21,6:46:21,28.5598,-17.8409,9.8,3,mbLg,III-IV,NE FUENCALIENTE DE LA PALMA.IL,
es2021vgedm,30/10/2021,3:36:06,4:36:06,28.576,-17.8301,36.9,4.1,mbLg,III-IV,SW VILLA DE MAZO.ILP,
es2021vflfw,29/10/2021,18:03:05,19:03:05,28.5741,-17.8259,11.3,2.8,mbLg,IV,SW VILLA DE MAZO.ILP,
es2021vflbm,29/10/2021,17:57:58,18:57:58,28.5649,-17.8362,11.6,3.5,mbLg,IV,NE FUENCALIENTE DE LA PALMA.IL,
es2021vfibj,29/10/2021,16:26:53,17:26:53,28.5619,-17.8319,12.7,3.6,mbLg,III,NE FUENCALIENTE DE LA PALMA.IL,
es2021vfhlq,29/10/2021,16:08:40,17:08:40,28.5627,-17.8267,11.3,3.5,mbLg,III-IV,SW VILLA DE MAZO.ILP,
es2021vespk,29/10/2021,8:38:19,9:38:19,28.5726,-17.8373,9.8,3.7,mbLg,IV,SW VILLA DE MAZO.ILP,
es2021vekmg,29/10/2021,4:32:11,6:32:11,44.1478,-7.7683,0,4.2,Mw,IV,CANTÁBRICO,
es2021vecng,29/10/2021,0:31:00,1:31:00,28.564,-17.8239,11.1,3.6,mbLg,III-IV,SW VILLA DE MAZO.ILP,
es2021veayc,28/10/2021,23:42:58,0:42:58,28.5653,-17.8092,11.2,3.9,mbLg,IV,SW VILLA DE MAZO.ILP,
es2021veapk,28/10/2021,23:32:47,0:32:47,28.5682,-17.8183,11.3,3.3,mbLg,III-IV,SW VILLA DE MAZO.ILP,
es2021vdugv,28/10/2021,20:21:00,21:21:00,28.5844,-17.8243,38.1,4.2,mbLg,IV,SW VILLA DE MAZO.ILP,
es2021vdpii,28/10/2021,17:51:12,18:51:12,28.5605,-17.8394,13.3,3.7,mbLg,IV,NE FUENCALIENTE DE LA PALMA.IL,
es2021vdnel,28/10/2021,16:46:02,17:46:02,28.5567,-17.8386,13.1,3.5,mbLg,IV,NE FUENCALIENTE DE LA PALMA.IL,
es2021vdmlz,28/10/2021,16:24:39,17:24:39,28.5633,-17.8355,13.6,3.4,mbLg,IV,NE FUENCALIENTE DE LA PALMA.IL,
es2021vdgqj,28/10/2021,13:27:48,14:27:48,28.5658,-17.8441,11.6,3.6,mbLg,IV,N FUENCALIENTE DE LA PALMA.ILP,
es2021vczrf,28/10/2021,9:56:38,10:56:38,28.5611,-17.8359,13.9,3.6,mbLg,,NE FUENCALIENTE DE LA PALMA.IL,
es2021vcvno,28/10/2021,7:51:09,8:51:09,28.5668,-17.8314,11.6,3.6,mbLg,IV,SW VILLA DE MAZO.ILP,
es2021vcuou,28/10/2021,7:22:33,8:22:33,28.5593,-17.8357,10.2,3.6,mbLg,III-IV,NE FUENCALIENTE DE LA PALMA.IL,
es2021vcoao,28/10/2021,4:04:01,5:04:01,28.5562,-17.8315,12.8,3.6,mbLg,III,NE FUENCALIENTE DE LA PALMA.IL,
es2021vcgvf,28/10/2021,0:25:49,1:25:49,28.5618,-17.8212,12.1,3.5,mbLg,IV,SW VILLA DE MAZO.ILP,
es2021vcbah,27/10/2021,21:29:31,22:29:31,28.562,-17.8236,10,3.4,mbLg,III-IV,SW VILLA DE MAZO.ILP,
es2021vbywb,27/10/2021,20:23:59,21:23:59,28.5615,-17.8344,11.2,3.6,mbLg,IV,NE FUENCALIENTE DE LA PALMA.IL,
es2021vbytw,27/10/2021,20:21:25,21:21:25,28.5747,-17.8359,36,3.5,mbLg,IV,SW VILLA DE MAZO.ILP,
es2021vbxcv,27/10/2021,19:31:26,20:31:26,28.558,-17.8527,13,3.9,mbLg,IV,N FUENCALIENTE DE LA PALMA.ILP,
es2021vbucs,27/10/2021,18:00:12,19:00:12,28.5595,-17.8323,13.7,3.8,mbLg,III-IV,NE FUENCALIENTE DE LA PALMA.IL,
es2021vbtod,27/10/2021,17:43:11,18:43:11,28.5537,-17.8362,12.2,4,mbLg,IV,NE FUENCALIENTE DE LA PALMA.IL,
es2021vbnro,27/10/2021,14:45:20,15:45:20,28.5623,-17.8436,10.3,3.2,mbLg,III-IV,N FUENCALIENTE DE LA PALMA.ILP,
es2021vbnek,27/10/2021,14:30:01,15:30:01,28.5627,-17.8477,13.5,3.8,mbLg,IV,N FUENCALIENTE DE LA PALMA.ILP,
es2021vbmww,27/10/2021,14:21:11,15:21:11,28.5791,-17.8176,37.2,4.8,mbLg,IV-V,SW VILLA DE MAZO.ILP,
es2021vbigc,27/10/2021,12:00:26,13:00:26,28.5673,-17.8357,10.7,3.5,mbLg,IV,SW VILLA DE MAZO.ILP,
es2021vbgwb,27/10/2021,11:18:55,12:18:55,28.5547,-17.8394,14.2,3.5,mbLg,III-IV,NE FUENCALIENTE DE LA PALMA.IL,
es2021vawzx,27/10/2021,6:19:56,7:19:56,28.5854,-17.8099,37.5,4.6,mbLg,IV-V,SW VILLA DE MAZO.ILP,
es2021vawzw,27/10/2021,6:19:49,7:19:49,28.5795,-17.8202,36.9,4.2,mbLg,III-IV,SW VILLA DE MAZO.ILP,
es2021vavwd,27/10/2021,5:45:10,6:45:10,28.5611,-17.8365,10.6,3.9,mbLg,IV,NE FUENCALIENTE DE LA PALMA.IL,
es2021vaufn,27/10/2021,4:55:28,5:55:28,28.5646,-17.8273,11,3.6,mbLg,IV,SW VILLA DE MAZO.ILP,
es2021vasnf,27/10/2021,4:03:50,5:03:50,28.5605,-17.8286,10.7,3.8,mbLg,III,NE FUENCALIENTE DE LA PALMA.IL,
es2021vaoyz,27/10/2021,2:16:33,3:16:33,28.5618,-17.8273,12.6,4,mbLg,IV,SW VILLA DE MAZO.ILP,
es2021vakgb,26/10/2021,23:53:16,0:53:16,28.577,-17.8224,34.8,4.8,mbLg,III-IV,SW VILLA DE MAZO.ILP,
es2021vakgc,26/10/2021,23:53:01,0:53:01,28.575,-17.8338,35.7,4.2,mbLg,,SW VILLA DE MAZO.ILP,
es2021vaeza,26/10/2021,21:13:17,22:13:17,28.5562,-17.834,12.7,3.9,mbLg,III-IV,NE FUENCALIENTE DE LA PALMA.IL,
es2021uzvud,26/10/2021,16:34:51,17:34:51,28.5908,-17.8135,34.6,3.4,mbLg,III-IV,SW VILLA DE MAZO.ILP,
es2021uzvmf,26/10/2021,16:25:37,17:25:37,28.5737,-17.8213,34.2,4.9,mbLg,IV,SW VILLA DE MAZO.ILP,
es2021uzsja,26/10/2021,14:50:57,15:50:57,28.5675,-17.8039,31.6,3.6,mbLg,II,SW VILLA DE MAZO.ILP,
es2021uzjlu,26/10/2021,10:21:24,11:21:24,28.5636,-17.8251,13.1,3.5,mbLg,III-IV,SW VILLA DE MAZO.ILP,
es2021uzazw,26/10/2021,6:05:14,7:05:14,28.5782,-17.8062,35.6,4.2,mbLg,III,SW VILLA DE MAZO.ILP,
es2021uytmo,26/10/2021,2:17:25,3:17:25,28.5607,-17.837,10.1,3.6,mbLg,III,NE FUENCALIENTE DE LA PALMA.IL,
es2021uypim,26/10/2021,0:11:49,1:11:49,28.5602,-17.826,12.5,3.7,mbLg,III,SW VILLA DE MAZO.ILP,
es2021uxkwq,25/10/2021,8:48:23,9:48:23,28.5616,-17.8248,11.4,3.4,mbLg,III-IV,SW VILLA DE MAZO.ILP,
es2021uxiis,25/10/2021,7:31:33,8:31:33,28.5679,-17.8236,12.4,3.7,mbLg,IV,SW VILLA DE MAZO.ILP,
es2021uxigy,25/10/2021,7:29:27,8:29:27,28.548,-17.8419,12.6,3.4,mbLg,IV,NE FUENCALIENTE DE LA PALMA.IL,
es2021uxhsn,25/10/2021,7:12:40,8:12:40,28.5623,-17.8161,10.8,3.2,mbLg,IV,SW VILLA DE MAZO.ILP,
es2021uxgxf,25/10/2021,6:47:50,7:47:50,28.562,-17.8359,13,3.6,mbLg,III,NE FUENCALIENTE DE LA PALMA.IL,
es2021uwkzu,24/10/2021,19:44:13,20:44:13,28.5587,-17.8487,11.3,3.9,mbLg,III-IV,N FUENCALIENTE DE LA PALMA.ILP,
es2021uwirm,24/10/2021,18:33:45,19:33:45,28.5525,-17.8516,11,3.9,mbLg,III-IV,N FUENCALIENTE DE LA PALMA.ILP,
es2021uwgcd,24/10/2021,17:15:17,18:15:17,28.5563,-17.8402,10.3,4,mbLg,III-IV,NE FUENCALIENTE DE LA PALMA.IL,
es2021uwdkw,24/10/2021,15:54:48,16:54:48,28.5625,-17.8309,10.2,3.6,mbLg,III,NE FUENCALIENTE DE LA PALMA.IL,
es2021uvziu,24/10/2021,13:51:17,14:51:17,28.5612,-17.8391,11.4,3.6,mbLg,II-III,NE FUENCALIENTE DE LA PALMA.IL,
es2021uvwya,24/10/2021,12:37:43,13:37:43,28.5679,-17.8305,11.4,3.6,mbLg,II,SW VILLA DE MAZO.ILP,
es2021uvpbj,24/10/2021,8:39:26,9:39:26,28.5562,-17.8426,10.4,2.5,mbLg,IV,NE FUENCALIENTE DE LA PALMA.IL,
es2021uvnth,24/10/2021,8:00:12,9:00:12,28.5529,-17.8289,13.9,3.8,mbLg,III-IV,NE FUENCALIENTE DE LA PALMA.IL,
es2021uvjsy,24/10/2021,5:57:45,6:57:45,28.5794,-17.8054,35.9,3.6,mbLg,II-III,SW VILLA DE MAZO.ILP,
es2021uviuu,24/10/2021,5:29:37,6:29:37,28.555,-17.8298,10.4,3.5,mbLg,III-IV,NE FUENCALIENTE DE LA PALMA.IL,
es2021uviru,24/10/2021,5:26:08,6:26:08,28.5569,-17.8349,13,3.6,mbLg,IV,NE FUENCALIENTE DE LA PALMA.IL,
es2021uvihe,24/10/2021,5:14:12,6:14:12,28.5649,-17.8221,10.6,3.7,mbLg,III-IV,SW VILLA DE MAZO.ILP,
es2021uvgzb,24/10/2021,4:34:01,5:34:01,28.564,-17.828,11.1,3.9,mbLg,III,SW VILLA DE MAZO.ILP,
es2021uvgro,24/10/2021,4:25:16,5:25:16,28.5576,-17.8391,9.6,3.6,mbLg,II,NE FUENCALIENTE DE LA PALMA.IL,
es2021uvdsa,24/10/2021,2:54:50,3:54:50,28.5666,-17.8142,35.8,3.9,mbLg,II,SW VILLA DE MAZO.ILP,
es2021uuuhl,23/10/2021,22:09:47,23:09:47,28.5646,-17.8414,11.2,3.6,mbLg,III,N FUENCALIENTE DE LA PALMA.ILP,
es2021uuprl,23/10/2021,19:54:02,21:54:02,35.4126,-3.6643,8,3.7,mbLg,III,ALBORÁN SUR,
es2021uuhgq,23/10/2021,15:34:49,16:34:49,28.5951,-17.7898,38.1,4.9,mbLg,IV-V,SW VILLA DE MAZO.ILP,
es2021utrfj,23/10/2021,7:28:27,8:28:27,28.5754,-17.816,36.4,4.3,mbLg,III-IV,SW VILLA DE MAZO.ILP,
es2021utonk,23/10/2021,6:07:00,7:07:00,28.5602,-17.8315,11.1,3.9,mbLg,III-IV,NE FUENCALIENTE DE LA PALMA.IL,
es2021utogi,23/10/2021,5:58:39,6:58:39,28.5543,-17.8302,13.4,3.9,mbLg,III,NE FUENCALIENTE DE LA PALMA.IL,
es2021utkop,23/10/2021,4:07:38,5:07:38,28.5601,-17.8346,11.6,3.7,mbLg,II,NE FUENCALIENTE DE LA PALMA.IL,
es2021utkjg,23/10/2021,4:00:54,5:00:54,28.5769,-17.8241,36.5,3.8,mbLg,II,SW VILLA DE MAZO.ILP,
es2021uthaq,23/10/2021,2:19:50,3:19:50,28.5759,-17.8309,35.3,3.9,mbLg,II-III,SW VILLA DE MAZO.ILP,
es2021utdwp,23/10/2021,0:44:13,1:44:13,28.561,-17.8296,11.4,3.9,mbLg,III-IV,NE FUENCALIENTE DE LA PALMA.IL,
es2021usvlb,22/10/2021,20:28:18,21:28:18,28.5922,-17.8145,36.2,3.7,mbLg,II,SW VILLA DE MAZO.ILP,
es2021usurv,22/10/2021,20:05:55,21:05:55,28.5598,-17.836,11.3,3.6,mbLg,III,NE FUENCALIENTE DE LA PALMA.IL,
es2021usrmh,22/10/2021,18:28:32,19:28:32,28.5592,-17.8376,10.6,3.7,mbLg,III,NE FUENCALIENTE DE LA PALMA.IL,
es2021usltc,22/10/2021,15:34:36,16:34:36,28.5923,-17.8184,37.4,3.9,mbLg,II-III,SW VILLA DE MAZO.ILP,
es2021uslbg,22/10/2021,15:13:58,16:13:58,28.5611,-17.8447,12,3.7,mbLg,III,N FUENCALIENTE DE LA PALMA.ILP,
es2021usduy,22/10/2021,11:34:19,12:34:19,28.5595,-17.8111,11.8,3.7,mbLg,III,SW VILLA DE MAZO.ILP,
es2021usaim,22/10/2021,9:49:06,10:49:06,28.56,-17.8307,12.6,3.7,mbLg,III,NE FUENCALIENTE DE LA PALMA.IL,
es2021urupe,22/10/2021,6:54:49,7:54:49,28.5868,-17.8245,37.8,4.2,mbLg,III,SW VILLA DE MAZO.ILP,
es2021urrcw,22/10/2021,5:09:46,6:09:46,28.5593,-17.8419,13.9,3.6,mbLg,III,NE FUENCALIENTE DE LA PALMA.IL,
es2021uress,21/10/2021,22:54:03,23:54:03,28.5654,-17.826,32.9,4.4,mbLg,III-IV,SW VILLA DE MAZO.ILP,
es2021urbpo,21/10/2021,21:19:25,22:19:25,28.57,-17.8259,10.5,3.8,mbLg,III,SW VILLA DE MAZO.ILP,
es2021uqpja,21/10/2021,15:08:06,16:08:06,28.5598,-17.8406,11.6,3.8,mbLg,III,NE FUENCALIENTE DE LA PALMA.IL,
es2021uppvq,21/10/2021,2:14:49,3:14:49,28.5727,-17.8391,37.1,4.3,mbLg,III-IV,SW VILLA DE MAZO.ILP,
es2021upmxg,21/10/2021,0:45:47,1:45:47,28.5616,-17.8349,13.6,3.7,mbLg,III,NE FUENCALIENTE DE LA PALMA.IL,
es2021uorbm,20/10/2021,13:43:56,14:43:56,28.5709,-17.8133,11.2,3.6,mbLg,III,SW VILLA DE MAZO.ILP,
es2021unlnj,19/10/2021,21:48:00,22:48:00,28.5855,-17.8192,38.7,4.8,mbLg,IV-V,SW VILLA DE MAZO.ILP,
es2021undlr,19/10/2021,17:43:32,19:43:32,36.9868,-5.2831,10,4.2,Mw,IV,NW OLVERA.CA,
es2021umwks,19/10/2021,14:10:17,15:10:17,28.5828,-17.8212,35.8,4.5,mbLg,III-IV,SW VILLA DE MAZO.ILP,
es2021umloj,19/10/2021,8:41:10,9:41:10,28.5717,-17.8061,33.2,3.3,mbLg,IV,SW VILLA DE MAZO.ILP,
es2021ulxif,19/10/2021,1:29:37,2:29:37,28.5679,-17.8581,37.5,3.9,mbLg,II-III,N FUENCALIENTE DE LA PALMA.ILP,
es2021ulpit,18/10/2021,21:27:51,22:27:51,28.559,-17.8214,12.6,3.8,mbLg,III-IV,SW VILLA DE MAZO.ILP,
es2021uliwb,18/10/2021,18:11:07,19:11:07,28.5632,-17.8351,36.8,3.6,mbLg,I-II,NE FUENCALIENTE DE LA PALMA.IL,
es2021ukvtg,18/10/2021,11:33:56,12:33:56,28.5891,-17.811,37,4.3,mbLg,III,SW VILLA DE MAZO.ILP,
es2021ukcef,18/10/2021,1:40:35,2:40:35,28.5826,-17.8117,37.7,4.1,mbLg,III,SW VILLA DE MAZO.ILP,
es2021ujytw,17/10/2021,23:57:36,0:57:36,28.5713,-17.8223,35.8,4.6,mbLg,III-IV,SW VILLA DE MAZO.ILP,
es2021ujqfj,17/10/2021,19:38:15,20:38:15,28.5672,-17.8315,35.6,3.6,mbLg,II,SW VILLA DE MAZO.ILP,
es2021ujmgs,17/10/2021,17:38:35,18:38:35,28.5609,-17.8328,12.3,3.6,mbLg,III,NE FUENCALIENTE DE LA PALMA.IL,
es2021uizid,17/10/2021,11:06:12,12:06:12,28.5674,-17.8114,35.2,4,mbLg,III,SW VILLA DE MAZO.ILP,
es2021uijqg,17/10/2021,3:10:47,4:10:47,28.5857,-17.8006,35.3,4.3,mbLg,III,SW VILLA DE MAZO.ILP,
es2021uhhbe,16/10/2021,12:44:34,13:44:34,28.548,-17.84,35.3,3.6,mbLg,II,NE FUENCALIENTE DE LA PALMA.IL,
es2021ugtxs,16/10/2021,6:07:02,7:07:02,28.5843,-17.8175,34.4,4.5,mbLg,III-IV,SW VILLA DE MAZO.ILP,
es2021ugtyc,16/10/2021,6:07:00,7:07:00,28.5659,-17.8296,36.7,4.3,mbLg,,SW VILLA DE MAZO.ILP,
es2021ugrcy,16/10/2021,4:41:53,5:41:53,28.5623,-17.8283,37,4.6,mbLg,III,SW VILLA DE MAZO.ILP,
es2021ufzzy,15/10/2021,20:03:01,21:03:01,28.5552,-17.8384,12.9,4,mbLg,III-IV,NE FUENCALIENTE DE LA PALMA.IL,
es2021ufvnw,15/10/2021,17:47:42,18:47:42,28.5615,-17.8398,13.3,4,mbLg,III,NE FUENCALIENTE DE LA PALMA.IL,
es2021ufvit,15/10/2021,17:41:45,19:41:45,38.183,-1.1477,3,3.6,mbLg,III-IV,W FORTUNA.MU,
es2021ufhsh,15/10/2021,10:48:31,11:48:31,28.5808,-17.816,37.2,4.1,mbLg,III,SW VILLA DE MAZO.ILP,
es2021ufagf,15/10/2021,7:02:19,8:02:19,28.576,-17.8228,35.8,4.5,mbLg,III-IV,SW VILLA DE MAZO.ILP,
es2021uereg,15/10/2021,2:27:17,3:27:17,28.5656,-17.8322,35,4,mbLg,II-III,SW VILLA DE MAZO.ILP,
es2021udpvr,14/10/2021,12:38:59,13:38:59,28.5704,-17.8295,36.6,3.8,mbLg,II,SW VILLA DE MAZO.ILP,
es2021uczuq,14/10/2021,4:32:51,5:32:51,28.559,-17.8347,10.5,3.6,mbLg,II-III,NE FUENCALIENTE DE LA PALMA.IL,
es2021uctrv,14/10/2021,1:27:59,2:27:59,28.5871,-17.8131,37.4,4.5,mbLg,IV,SW VILLA DE MAZO.ILP,
es2021uctrz,14/10/2021,1:27:56,2:27:56,28.5772,-17.8496,37.3,4.2,mbLg,,SW VILLA DE MAZO.ILP,
es2021ubycu,13/10/2021,14:33:48,15:33:48,28.5751,-17.8192,35.7,4.4,mbLg,III-IV,SW VILLA DE MAZO.ILP,
es2021uboif,13/10/2021,9:37:01,10:37:01,28.5564,-17.8358,13.3,3.6,mbLg,III,NE FUENCALIENTE DE LA PALMA.IL,
es2021ubbyq,13/10/2021,3:22:09,4:22:09,28.5774,-17.826,37.4,3.9,mbLg,III,SW VILLA DE MAZO.ILP,
es2021uamwo,12/10/2021,19:45:08,20:45:08,28.5918,-17.8245,37.8,3.6,mbLg,II-III,W VILLA DE MAZO.ILP,
es2021uafex,12/10/2021,15:52:20,16:52:20,28.5719,-17.8242,38.1,3.8,mbLg,II-III,SW VILLA DE MAZO.ILP,
es2021tzols,12/10/2021,7:25:05,8:25:05,28.5745,-17.8228,37.2,4.1,mbLg,III,SW VILLA DE MAZO.ILP,
es2021tzoeq,12/10/2021,7:16:50,8:16:50,28.5611,-17.8351,12.7,3.7,mbLg,III,NE FUENCALIENTE DE LA PALMA.IL,
es2021tzfkj,12/10/2021,2:50:47,4:50:47,38.2005,-1.1328,2,3.4,mbLg,III-IV,NW FORTUNA.MU,
es2021tzcul,12/10/2021,1:31:35,2:31:35,28.5555,-17.8341,13.3,3.7,mbLg,III,NE FUENCALIENTE DE LA PALMA.IL,
es2021tyvdc,11/10/2021,21:39:13,22:39:13,28.5559,-17.8385,13.2,3.6,mbLg,III,NE FUENCALIENTE DE LA PALMA.IL,
es2021tytiy,11/10/2021,20:45:25,22:45:25,42.8111,-1.4938,0,4.1,Mw,III-IV,NW LIZOÁIN-ARRIASGOITI.NA,
es2021tycsd,11/10/2021,12:20:53,13:20:53,28.5625,-17.8344,13.7,3.6,mbLg,III,NE FUENCALIENTE DE LA PALMA.IL,
es2021twzvu,10/10/2021,21:46:27,22:46:27,28.5856,-17.8256,38.1,4.3,mbLg,III,SW VILLA DE MAZO.ILP,
es2021twird,10/10/2021,13:05:40,14:05:40,28.5639,-17.842,37.5,4,mbLg,II-III,N FUENCALIENTE DE LA PALMA.ILP,
es2021twgij,10/10/2021,11:54:46,12:54:46,28.5762,-17.8203,36.6,4.1,mbLg,II-III,SW VILLA DE MAZO.ILP,
es2021twbkt,10/10/2021,9:26:27,10:26:27,28.582,-17.8182,37.1,3.7,mbLg,II-III,SW VILLA DE MAZO.ILP,
es2021tvmpw,10/10/2021,1:57:22,2:57:22,28.5603,-17.8118,33.8,3.8,mbLg,II-III,SW VILLA DE MAZO.ILP,
es2021tvcqg,09/10/2021,20:54:45,21:54:45,28.5571,-17.8332,11.3,3.6,mbLg,III,NE FUENCALIENTE DE LA PALMA.IL,
es2021tvbsx,09/10/2021,20:27:30,21:27:30,28.5509,-17.821,35.9,3.8,mbLg,II-III,NE FUENCALIENTE DE LA PALMA.IL,
es2021tvazs,09/10/2021,20:05:35,21:05:35,28.5791,-17.8362,35.6,3.9,mbLg,III,SW VILLA DE MAZO.ILP,
es2021tuthy,09/10/2021,16:12:17,17:12:17,28.5875,-17.8286,38,3.6,mbLg,II,SW VILLA DE MAZO.ILP,
es2021turyx,09/10/2021,15:31:28,16:31:28,28.5568,-17.8417,13.2,3.6,mbLg,III,NE FUENCALIENTE DE LA PALMA.IL,
es2021tuqgj,09/10/2021,14:39:49,15:39:49,28.5696,-17.834,13.4,3.6,mbLg,III,SW VILLA DE MAZO.ILP,
es2021tuidf,09/10/2021,10:33:36,11:33:36,28.5685,-17.837,12.4,3.6,mbLg,III,SW VILLA DE MAZO.ILP,
es2021tufzs,09/10/2021,9:28:42,10:28:42,28.5872,-17.7969,30.8,3.8,mbLg,II-III,SW VILLA DE MAZO.ILP,
es2021ttnbq,08/10/2021,23:55:06,0:55:06,28.5839,-17.8229,38.4,4.2,mbLg,III,SW VILLA DE MAZO.ILP,
es2021tssdp,08/10/2021,13:20:56,14:20:56,28.5976,-17.8039,37.7,3.6,mbLg,II-III,W VILLA DE MAZO.ILP,
es2021tsqzq,08/10/2021,12:46:00,13:46:00,28.5735,-17.8458,12.3,3.9,mbLg,III,SW VILLA DE MAZO.ILP,
es2021tskzf,08/10/2021,9:43:43,11:43:43,42.389,2.3251,0,3.8,mbLg,II,NE SETCASES.GI,
es2021tryrn,08/10/2021,3:31:03,4:31:03,28.581,-17.83,37.7,3.8,mbLg,III,SW VILLA DE MAZO.ILP,
es2021trbnm,07/10/2021,15:49:15,16:49:15,28.5753,-17.844,10.5,3.6,mbLg,III,SW VILLA DE MAZO.ILP,
es2021tqyub,07/10/2021,14:26:04,15:26:04,28.5817,-17.8323,36.6,3.8,mbLg,III,SW VILLA DE MAZO.ILP,
es2021tqsob,07/10/2021,11:17:10,12:17:10,28.5761,-17.7924,34.8,4.3,mbLg,III,SW VILLA DE MAZO.ILP,
es2021tptxn,06/10/2021,22:50:30,23:50:30,28.5616,-17.8377,11.4,3.7,mbLg,III,NE FUENCALIENTE DE LA PALMA.IL,
es2021tptqh,06/10/2021,22:42:04,23:42:04,28.551,-17.8325,13.2,3.9,mbLg,III-IV,NE FUENCALIENTE DE LA PALMA.IL,
es2021tpmev,06/10/2021,18:56:43,19:56:43,28.5824,-17.8236,36.5,3.7,mbLg,II-III,SW VILLA DE MAZO.ILP,
es2021toxua,06/10/2021,11:39:40,12:39:40,28.5587,-17.8336,12.1,3.7,mbLg,III,NE FUENCALIENTE DE LA PALMA.IL,
es2021topkf,06/10/2021,7:25:47,8:25:47,28.5583,-17.8362,36.9,3.6,mbLg,II,NE FUENCALIENTE DE LA PALMA.IL,
es2021tomwd,06/10/2021,6:08:43,8:08:43,36.4935,-7.749,31,3.9,mbLg,,GOLFO DE CÁDIZ,
es2021tngtz,05/10/2021,13:57:06,14:57:06,28.5786,-17.8284,37.3,3.6,mbLg,II,SW VILLA DE MAZO.ILP,
es2021tmvzm,05/10/2021,8:29:25,9:29:25,28.5685,-17.8476,11.6,3.6,mbLg,III,N FUENCALIENTE DE LA PALMA.ILP,
es2021tmmii,05/10/2021,3:36:38,4:36:38,28.6168,-17.8083,37.6,3.9,mbLg,III,NW VILLA DE MAZO.ILP,
es2021tlvgc,04/10/2021,18:58:51,19:58:51,28.5679,-17.8423,10.5,3.7,mbLg,III-IV,N FUENCALIENTE DE LA PALMA.ILP,
es2021tlmkh,04/10/2021,14:30:59,15:30:59,28.5651,-17.829,10.5,3.7,mbLg,III,SW VILLA DE MAZO.ILP,
es2021tkagc,03/10/2021,19:14:37,20:14:37,28.5629,-17.8261,12,3.7,mbLg,III,SW VILLA DE MAZO.ILP,
es2021thqva,02/10/2021,12:12:45,13:12:45,28.5611,-17.8423,11.3,3.6,mbLg,III,N FUENCALIENTE DE LA PALMA.ILP,
es2021tfzgw,01/10/2021,14:13:01,15:13:01,28.5621,-17.853,10.4,3.6,mbLg,III,N FUENCALIENTE DE LA PALMA.ILP,
es2021smjdw,20/09/2021,20:32:46,21:32:46,28.6148,-17.901,0.3,3.8,mbLg,III,SE TAZACORTE.ILP,
es2021sjtgv,19/09/2021,10:16:45,11:16:45,28.6163,-17.8695,0.3,3.8,mbLg,III-IV,S EL PASO.ILP,
es2021sifou,18/09/2021,14:12:15,16:12:15,36.9172,-10.5353,35,3.6,mbLg,,SW CABO DE SAN VICENTE,
es2021rdbfa,01/09/2021,12:51:59,14:51:59,35.4355,-3.6538,4,4.1,Mw,III,ALBORÁN SUR,
es2021qyiwl,29/08/2021,23:04:32,1:04:32,38.0983,0.1569,7,3.8,mbLg,II,MEDITERRÁNEO-CABO DE PALOS,
es2021qvqdk,28/08/2021,11:20:50,13:20:50,35.4545,-3.6202,0,5.1,Mw,IV,ALBORÁN SUR,
es2021qsmoq,26/08/2021,18:08:41,20:08:41,34.8446,-5.2145,20,3.6,mbLg,,E ZOUMI.MAC,
es2021qiypt,21/08/2021,12:53:43,14:53:43,36.3712,-9.0799,6,3.9,mbLg,,SW CABO DE SAN VICENTE,
es2021ptdwj,12/08/2021,21:25:12,23:25:12,37.1705,-3.787,0,4.6,mbLg,V,SW CHAUCHINA.GR,
es2021pomwr,10/08/2021,8:18:11,10:18:11,36.1067,-10.5913,33,3.8,mbLg,,SW CABO DE SAN VICENTE,
es2021pkqzh,08/08/2021,5:50:39,7:50:39,35.3843,-3.5447,30,3.6,mbLg,III,ALBORÁN SUR,
es2021pisln,07/08/2021,4:19:16,6:19:16,35.4648,-3.6241,11,4.4,Mw,III,ALBORÁN SUR,
es2021paigh,02/08/2021,14:06:10,16:06:10,35.4886,-3.6928,0,3.8,mbLg,III,ALBORÁN SUR,
es2021oygfe,01/08/2021,10:48:19,12:48:19,35.4734,-3.6069,1,3.6,mbLg,III,ALBORÁN SUR,
es2021oumkf,30/07/2021,9:24:02,11:24:02,35.4099,-3.6274,6,3.6,mbLg,III,ALBORÁN SUR,
es2021oumav,30/07/2021,9:13:03,11:13:03,35.4978,-3.6597,0,4.2,Mw,III,ALBORÁN SUR,
es2021oulnr,30/07/2021,8:58:51,10:58:51,35.4144,-3.635,4,4.5,Mw,III,ALBORÁN SUR,
es2021oukxm,30/07/2021,8:38:53,10:38:53,35.4474,-3.6204,4,4.3,Mw,III,ALBORÁN SUR,
es2021nlydk,11/07/2021,11:40:03,13:40:03,35.4397,-3.6789,7,4.3,Mw,III,ALBORÁN SUR,
es2021lxckl,19/06/2021,3:23:06,5:23:06,35.4843,-3.6428,2,4.7,Mw,III,ALBORÁN SUR,
es2021luyql,17/06/2021,23:11:41,1:11:41,38.6549,-0.349,0,2.9,mbLg,III-IV,SW ALCOLEJA.A,
es2021luauh,17/06/2021,11:08:50,13:08:50,42.7747,-11.0428,30,3.8,mbLg,,ATLÁNTICO-GALICIA,
es2021kmosf,30/05/2021,3:39:00,5:39:00,42.3593,3.2282,0,2.8,mbLg,III-IV,NE EL PORT DE LA SELVA.GI,
es2021kaadz,23/05/2021,6:42:15,8:42:15,35.4417,-3.6981,1,4.2,Mw,III,ALBORÁN SUR,
es2021jzzju,23/05/2021,6:18:39,8:18:39,35.3674,-3.6901,2,4.1,Mw,III,NE ALHUCEMAS.MAC,
es2021jwrzi,21/05/2021,11:10:55,13:10:55,35.449,-3.6549,0,4.1,Mw,III,ALBORÁN SUR,
es2021jvtbu,20/05/2021,22:35:32,0:35:32,42.0982,-7.4867,0,3.6,Mw,III-IV,NW LAZA.OU,
es2021jmafc,15/05/2021,14:51:39,16:51:39,42.1143,-7.4907,1,3.4,mbLg,III-IV,NW LAZA.OU,
es2021jkrte,14/05/2021,21:27:16,23:27:16,42.0885,-7.4716,0,3.4,mbLg,III-IV,NW LAZA.OU,
es2021jfksd,12/05/2021,0:13:59,2:13:59,35.5543,-9.0633,35,3.7,mbLg,,SW CABO DE SAN VICENTE,
es2021imzmk,01/05/2021,22:10:06,0:10:06,35.4227,-3.6167,2,4.3,Mw,III,ALBORÁN SUR,
es2021igueb,28/04/2021,12:40:51,14:40:51,35.4957,-3.6635,0,4.1,Mw,III,ALBORÁN SUR,
es2021gbsbh,28/03/2021,7:01:35,9:01:35,37.2244,-3.7755,0,3.3,mbLg,III-IV,NE FUENTE VAQUEROS.GR,
es2021folhm,21/03/2021,0:52:47,1:52:47,37.1683,-3.78,0,2.9,mbLg,III-IV,SW CHAUCHINA.GR,
es2021fnhwo,20/03/2021,10:01:07,11:01:07,37.1935,-3.7284,0,2.1,mbLg,III-IV,NW SANTA FE.GR,
es2021fjqnm,18/03/2021,9:51:36,10:51:36,38.8519,-9.0265,2,3.7,mbLg,,SE POVOA DE SANTA IRIA.POR,
es2021fixdr,18/03/2021,0:04:05,1:04:05,36.7884,5.4158,0,6,Mw,II,MEDITERRÁNEO-ARGELIA,
